Equipo;Descripción;Barra;Celda;Fila;Resumen;Sin espacio;Gabinete;FU1;FU2;FA1;Contactor
RL30S101;CICLO- DESCARGA PPAL DE BOMBA RL 02;3 CA;1;B;380V -3CA-1B;RL30S101;HA15;Diazed DII E27 - X3;Termica Unipolar C4;Relé Térmico - Elektrop?ístroj;KM1/2
RL30S102;CICLO- BY-PASS DESC DE BOMBA RL 02;3 CA;1;C;380V -3CA-1C;RL30S102;HA15;Diazed DII E27 - X3;Termica Unipolar C4;Relé Térmico - Elektrop?ístroj;KM1/2
RL31S101;CICLO-RECIRCULACION DE BOMBA RL 02;3 CA;1;D;380V -3CA-1D;RL31S101;HA15;Diazed DII E27 - X3;Termica Unipolar C6;Relé Térmico - Elektrop?ístroj;KM1/2
RL32S101;CICLO-AGUA PARA ATEMPERACION RECALENTADO;3 CA;1;E;380V -3CA-1E;RL32S101;HA15;Diazed DII E27 - X3;Termica Unipolar C4;Relé Térmico - Elektrop?ístroj;KM1/2
RN02S101;CICLO TERMICO- CONDENSADO DE C.B.P N°1;3 CA;1;F;380V -3CA-1F;RN02S101;;Diazed DII E27 - X3;Termica Unipolar C4;Relé Térmico - Elektrop?ístroj;KM1/2
RL02W001;CICLO- CALENTAMIENTO MOTOR RL 02;3 CA;1;G;380V -3CA-1G;RL02W001;HA16;Diazed DII E27 - X2;Termica Unipolar C4;Relé Térmico - Elektrop?ístroj;KM1/2
RL02W002;CICLO- CALENTAMIENTO MOTOR RL 02;3 CA;1;H;380V -3CA-1H;RL02W002;;Diazed DII E27 - X3;Termica Unipolar C4;Relé Térmico - Elektrop?ístroj;Termica Bipolar C0,5
VG45S101;CICLO- AGUA REFRIGERACION MOTOR DE RL 02;3 CA;1;J;380V -3CA-1J;VG45S101;HA15;;;Termica Bipolar C0,5;K3(RP701)
VG40S101;CICLO- AGUA REFRIGERACION COJ RL 02;3 CA;1;K;380V -3CA-1K;VG40S101;HA15;;;Termica Bipolar C0,5;K3(RP701)
RV30S101;CICLO- AGUA DE SELLO DE RL 11;3 CA;1;L;380V -3CA-1L;RV30S101;HA15;;;Termica Bipolar C1,6;K3(RP701)
RM20W001;CICLO- CALENTAMIENTO MOTOR RM 20;3 CA;2;A;380V -3CA -2A;RM20W001;HA20;Diazed DII E27 - X2;Termica Unipolar C4;;KM1
RM30S101;CICLO- DESCARGA CONDENSADO BOMBA RM 20;3 CA;2;B;380V -3CA -2B;RM30S101;HA20;Diazed DII E27 - X3;Termica Unipolar C4;Relé Térmico - Elektrop?ístroj;KM1/2
RM01W001;CICLO- CALENTAMIENTO MOTOR RM 01;3 CA;2;D;380V -3CA -2D;RM01W001;HA20;Diazed DII E27 - X2;Termica Unipolar C4;;KM1
RM10S101;CICLO- DESCARGA CONDENSADO BOMBA RM 01;3 CA;2;E;380V -3CA -2E;RM10S101;HA20;Diazed DII E27 - X3;Termica Unipolar C4;Relé Térmico - Elektrop?ístroj;KM1/2
RM01S101;CICLO- SUCCION CONDENSADO BOMBA RM 01;3 CA;2;F;380V -3CA -2F;RM01S101;HA20;Diazed DII E27 - X3;Termica Unipolar C4;Relé Térmico - Elektrop?ístroj;KM1/2
RJ22S101;CICLO- ASPIRACION DE BOMBA RM 01;3 CA;2;H;380V -3CA -2H;RJ22S101;HA20;Diazed DII E27 - X3;Termica Unipolar C6;Relé Térmico - Elektrop?ístroj;KM1/2
VG24S101;CICLO- REFRIGERACION DE COJ. RM20;3 CA;2;J;380V -3CA -2J;VG24S101;HA20;;;Termica Bipolar C0,5;
VG27S101;CICLO- REFRIGERACION DE COJ RM 01;3 CA;2;K;380V -3CA -2K;VG27S101;HA20;;;Termica Bipolar C0,5;
SG50M101;CICLO- VENTILADOR ESCAPE DE SELLO N°1;3 CA;3;B;380V -3CA -3B;SG50M101;HA21;Secc. - - 80A;Termica Unipolar C4;Relé Térmico - Elektrop?ístroj;KM1 500v40a
SG50S102;CICLO- ASPIRACION VENTILADOR N°1;3 CA;3;C;380V -3CA -3C;SG50S102;HA21;Diazed DII E27 - X3;Termica Unipolar C4;Relé Térmico - Elektrop?ístroj;KM1/2
RM32S101;CICLO- ENTRADA CONDENSADO A C.V.E;3 CA;3;D;380V -3CA -3D;RM32S101;HA21;Diazed DII E27 - X3;Termica Unipolar C4;Relé Térmico - Elektrop?ístroj;KM1/2
RM36S101;CICLO- SALIDA CONDENSADO  EYEC.V N°1;3 CA;3;F;380V -3CA -3F;RM36S101;HA20;Diazed DII E27 - X3;Termica Unipolar C4;Relé Térmico - Elektrop?ístroj;KM1/2
RM34S101;CICLO- ENTRADA CONDENSADO EYEC.V N°1;3 CA;3;G;380V -3CA -3G;RM34S101;HA20;Diazed DII E27 - X3;Termica Unipolar C4;Relé Térmico - Elektrop?ístroj;KM1/2
RN85S101;CICLO- DRENAJE CONDENSADO EYEC.V N°1;3 CA;3;H;380V -3CA -3H;RN85S101;HA21;Diazed DII E27 - X3;Termica Unipolar C4;Relé Térmico - Elektrop?ístroj;KM1/2
RJ11S101;CICLO- ASPIRACION AIRE  EYEC.V N°1;3 CA;3;J;380V -3CA -3J;RJ11S101;HA21;Diazed DII E27 - X3;Termica Unipolar C4;Relé Térmico - Elektrop?ístroj;KM1/2
RQ05S101;CICLO- ENTRADA VAPOR A EYEC.V N°1;3 CA;3;K;380V -3CA -3K;RQ05S101;HA21;Diazed DII E27 - X3;Termica Unipolar C4;Relé Térmico - Elektrop?ístroj;KM1/2
UA92M101;CALDERA-REPOSICION AGUA DESMI N°1;3 CA;5;A;380V -3CA -5A;UA92M101;HA21;Secc. - NH000 - 35A;Termica Unipolar C16;Relé Térmico - Elektrop?ístroj;KM1 500v40a
VN01M101;CICLO-EYECTOR ROTATIVO N°1;3 CA;5;C;380V -3CA -5C;VN01M101;HA23;Secc. - NH000 - 35A;Termica Unipolar C6;Relé Térmico - Elektrop?ístroj;
SD10S101;TURBINA- CALENTAMIENTO CAÑERIAS ALTA P.;3 CA;5;F;380V -3CA -5F;SD10S101;HA18;Diazed DII E27 - X3;Termica Unipolar C16;Relé Térmico - Elektrop?ístroj;
SD20S201;TURBINA- CALENTAMIENTO BRIDAS CUERPO ALTA P.;3 CA;5;G;380V -3CA -5G;SD20S201;HA18;Diazed DII E27 - X3;Termica Unipolar C4;Relé Térmico - Elektrop?ístroj;
SD20S101;TURBINA- CALENTAMIENTO BRIDAS CUERPO ALTA P.;3 CA;5;H;380V -3CA -5H;SD20S101;HA18;Diazed DII E27 - X3;Termica Unipolar C4;Relé Térmico - Elektrop?ístroj;
VN12S101;CICLO- ENTRADA AGUA EYECTOR N°1;3 CA;5;K;380V -3CA -5K;VN12S101;HA23;;;ITM Antiguo - SER;K3(RP701)
VG30M101;CICLO- BOMBA AGUA N°1 REFRIG GENERADOR;3 CA;6;A;380V -3CA -6A;VG30M101;HA26;Secc. - PH1 - 125A;Termica Unipolar C16;Relé Térmico - Elektrop?ístroj;KM1 500v100a
UD01M101;CALDERA- BOMBA DE LLENADO DE CALDERA;3 CA;6;B;380V -3CA -6B;UD01M101;;Secc. - PH1 - 125A;Termica Unipolar C4;Relé Térmico - Elektrop?ístroj;KM1 500v100a
ST80W001;CALENTAMIENTO;3 CA;6;C;380V -3CA -68C;ST80W001;;Termica Bipolar C4;Termica Unipolar C4;Relé Térmico - Elektrop?ístroj;K1/2/3 - KM1
VG15M101;CICLO-BOMBA REPOSICION AL TQ ELEVADO;3 CA;6;D;380V -3CA -6D;VG15M101;HA26;Termica Tripolar C4;Termica Unipolar C16;Relé Térmico - Elektrop?ístroj;KM1
VG30S101;CICLO- DESCARGA  REFRIG. DEL GENERADOR;3 CA;6;E;380V -3CA -6E;VG30S101;HA26;Termica Tripolar C6;;;
VN01S101;CICLO- ASPIRACION DE EYECTOR ROTATIVO N°1;3 CA;6;F;380V -3CA -6F;VN01S101;HA23;Termica Tripolar C6;;;
VG15S101;CICLO- DESCARGA AGUA REPOSISION TQ ELEVADO;3 CA;6;G;380V -3CA -6G;VG15S101;HA26;;;ITM Antiguo - SER;
VG01M101;CICLO- BOMBA N°1 SISTEMA SECUNDARIO;3 CA;7;A;380V -3CA -7A;VG01M101;HA26;Secc. - PH2 - 350A;Termica Unipolar C16;;
VG01S101;CICLO- DESCARGA BOMBA N°1 SISTEMA SECUNDARIO;3 CA;7;B;380V -3CA -7B;VG01S101;HA26;Termica Tripolar C6;Termica Unipolar C4;;
VC01W001;DARSENA- CALENTAMEINTO MOTOR VC01;3 CA;7;C;380V -3CA -7C;VC01W001;HA25;Termica Bipolar C4;Termica Unipolar C4;;
SC01M101;TURBINA-BOMBA ACEITE ARRANQUE N°1;3 CA;8;A;380V -3CA -8A;SC01M101;HA18;Secc. - PH3 - 630A;Diazed DII E27 - X3;;
SC01S101;TURBINA- DESC BOMBA ACEITE ARRANQUE N°1;3 CA;8;B;380V -3CA -8B;SC01S101;HA18;Termica Tripolar C6;Termica Unipolar C4;;
UH10M101;PLANTA DE PULIDO- BOMBA DE DOSIFICACION;3 CA;9;A;380V -3CA -9A;UH10M101;;Diazed DII E27 - X3;Termica Unipolar;Relé Térmico - Elektrop?ístroj;KM1
UH20M101;;3 CA;9;B;380V -3CA -9B;UH20M101;;Diazed DII E27 - X3;Termica Unipolar;Relé Térmico - Elektrop?ístroj;KM1
UH30M101;;3 CA;9;C;380V -3CA -9C;UH30M101;;Diazed DII E27 - X3;Termica Unipolar;Relé Térmico - Elektrop?ístroj;KM1
RM80S101;CICLO-VALVULA RECIRCULACION CONDENSADOR;3 CA;9;D;380V -3CA -9D;RM80S101;HA21;Diazed DII E27 - X3;Termica Unipolar;Relé Térmico - Elektrop?ístroj;KM1/2
;CICLO TERMICO- CONDENSADO DEL C.B.P. 3 AL 2;3 CA;9;E;380V -3CA -9E;;;Diazed DII E27 - X3;Termica Unipolar;Relé Térmico - Elektrop?ístroj;KM1/2
;CICLO TERMICO- CONDENSADO DEL C.B.P. 4 AL 3;3 CA;9;F;380V -3CA -9F;;;Diazed DII E27 - X3;Termica Unipolar;Relé Térmico - Elektrop?ístroj;KM1/2
;CICLO TERMICO- ATEMP DEL CALENT TUBERIA M.P.;3 CA;9;G;380V -3CA -9G;;;Diazed DII E27 - X3;Termica Unipolar;Relé Térmico - Elektrop?ístroj;KM1/2
;CICLO- EXTRACTOR DE VAHOS DE BOMBA DE A.;3 CA;9;H;380V -3CA -9H;;;Diazed DII E27 - X3;Termica Tripolar C10;Relé Térmico - Elektrop?ístroj;KM1/2
;CICLO- REPOSICION AGUA A PILETA DEL SECUN.;3 CA;9;J;380V -3CA -9J;;;;;Termica Bipolar;K3(RP701)
;CICLO- DESGASIFICACION A LA ATM DE LOS C.A.P.;3 CA;9;K;380V -3CA -9K;;;;;Termica Bipolar;K3(RP701)
RS23S101;CICLO- ATEMP VAPOR SELLO AL CONDENSADOR;3 CA;10;A;380V -3CA -10A;RS23S101;HA19;Diazed DII E27 - X3;Termica Unipolar;Relé Térmico - Elektrop?ístroj;KM1/2
SG11S101;CICLO- VAPOR SELLO AL CONDENSADOR;3 CA;10;B;380V -3CA -10B;SG11S101;HA19;Diazed DII E27 - X3;Termica Unipolar;Relé Térmico - Elektrop?ístroj;KM1/2
SG20S101;CICLO- EXTRACC VAPOR SELLO A.P. ;3 CA;10;C;380V -3CA -10C;SG20S101;HA19;Diazed DII E27 - X3;Termica Unipolar;Relé Térmico - Elektrop?ístroj;KM1/2
SG30S101;CICLO- SATURACION VAPOR SELLO DE B.P.;3 CA;10;D;380V -3CA -10D;SG30S101;HA19;Diazed DII E27 - X3;Termica Unipolar;Relé Térmico - Elektrop?ístroj;KM1/2
SG01S101;CICLO- SATURACION VAPOR DE SELLO DE A.P.;3 CA;10;E;380V -3CA -10E;SG01S101;HA19;Diazed DII E27 - X3;Termica Unipolar;Relé Térmico - Elektrop?ístroj;KM1/2
SG46S101;CICLO- BY-PASS DE VAPOR DEL C.V.E;3 CA;10;G;380V -3CA -10G;SG46S101;HA21;Diazed DII E27 - X3;Termica Unipolar;Relé Térmico - Elektrop?ístroj;KM1/2
SG50S101;CICLO- SALIDA DE AIRE DESDE EL  C.V.E.;3 CA;10;H;380V -3CA -10H;SG50S101;HA21;Diazed DII E27 - X3;Termica Unipolar;Relé Térmico - Elektrop?ístroj;KM1/2
SG40S101;CICLO- ENTRADA DE VAPOR  AL C.V.E;3 CA;10;J;380V -3CA -10J;SG40S101;HA21;Diazed DII E27 - X3;Termica Unipolar;Relé Térmico - Elektrop?ístroj;KM1/2
RM33S101;CICLO- BY-PASS CONDENSADO DEL C.V.E;3 CA;10;K;380V -3CA -10K;RM33S101;HA21;Diazed DII E27 - X3;Termica Unipolar;Relé Térmico - Elektrop?ístroj;KM1/2
RS30S101;CICLO- RECIRCULACION CONDENS AL TQ RESERVA;3 CA;10;L;380V -3CA -10L;RS30S101;HA19;Diazed DII E27 - X3;Termica Unipolar;Relé Térmico - Elektrop?ístroj;KM1/2
RQ30S102;CALDERA- CALENT  ADICIONAL AL C.B.P N°4;3 CA;11;A;380V -3CA -11A;RQ30S102;HA24;Diazed DII E27 - X3;Termica Unipolar;Relé Térmico - Elektrop?ístroj;KM1/2
RH30S101;CICLO- 4° EXTRACCION AL C.B.P N°4;3 CA;11;B;380V -3CA -11B;RH30S101;HA24;Diazed DII E27 - X3;Termica Unipolar;Relé Térmico - Elektrop?ístroj;KM1/2
RH20S101;CICLO- 3° EXTRACCION AL C.B.P N°3;3 CA;11;C;380V -3CA -11C;RH20S101;HA24;Diazed DII E27 - X3;Termica Unipolar;Relé Térmico - Elektrop?ístroj;KM1/2
SG10S101;CICLO- VAPOR DE SELLO AL C.B.P N°2;3 CA;11;D;380V -3CA -11D;SG10S101;HA24;Diazed DII E27 - X3;Termica Unipolar;Relé Térmico - Elektrop?ístroj;KM1/2
RH10S101;CICLO- 2° EXTRACCION AL C.B.P N°2;3 CA;11;E;380V -3CA -11E;RH10S101;HA24;Diazed DII E27 - X3;Termica Unipolar;Relé Térmico - Elektrop?ístroj;KM1/2
RH01S101;CICLO- 1° EXTRACCION AL C.B.P N°1;3 CA;11;G;380V -3CA -11G;RH01S101;HA24;Diazed DII E27 - X3;Termica Unipolar;Relé Térmico - Elektrop?ístroj;KM1/2
RM17S101;CICLO- REPOSICION RAPIDA AL CONDENSADOR;3 CA;11;H;380V -3CA -11H;RM17S101;HA21;Diazed DII E27 - X3;Termica Unipolar;Relé Térmico - Elektrop?ístroj;KM1/2
RH04S101;CICLO- ;3 CA;11;J;380V -3CA -11J;RH04S101;HA21;Diazed DII E27 - X3;Termica Unipolar;Relé Térmico - Elektrop?ístroj;KM1/2
RJ13S101;CICLO- ENT. DE AIRE AL EYECTOR DE ARRANQUE;3 CA;11;K;380V -3CA -11K;RJ13S101;HA21;Diazed DII E27 - X3;Termica Unipolar;Relé Térmico - Elektrop?ístroj;KM1/2
RH40S101;CICLO- VAPOR DE CALEFACCION AL TQ DE ALIMEN.;3 CA;11;L;380V -3CA -11L;RH40S101;HA19;Diazed DII E27 - X3;Termica Unipolar;Relé Térmico - Elektrop?ístroj;KM1/2
RM60S101;CICLO- SALIDA DE CONDENSADO DEL C.B.P N°3;3 CA;12;A;380V -3CA -12A;RM60S101;HA24;Diazed DII E27 - X3;Termica Unipolar;Relé Térmico - Elektrop?ístroj;KM1/2
RM50S102;CICLO- ENTRADA DE CONDENSADO DEL C.B.P N°3;3 CA;12;B;380V -3CA -12B;RM50S102;;Diazed DII E27 - X3;Termica Unipolar;Relé Térmico - Elektrop?ístroj;KM1/2
RM51S101;CICLO- BY-PASS DE CONDENSADO DEL C.B.P N°3;3 CA;12;C;380V -3CA -12C;RM51S101;HA24;Diazed DII E27 - X3;Termica Unipolar;Relé Térmico - Elektrop?ístroj;KM1/2
RM42S101;CICLO- BY-PASS CONDENSADO DE LOS C.B.P N° 1 Y 2;3 CA;12;D;380V -3CA -12D;RM42S101;HA24;Diazed DII E27 - X3;Termica Unipolar;Relé Térmico - Elektrop?ístroj;KM1/2
RM40S101;CICLO- ENTRADA DE CONDENSADO DEL C.B.P N°1;3 CA;12;E;380V -3CA -12E;RM40S101;HA20;Diazed DII E27 - X3;Termica Unipolar;Relé Térmico - Elektrop?ístroj;KM1/2
RM50S101;CICLO- SALIDA DE CONDENSADO DEL C.B.P N°2;3 CA;12;G;380V -3CA -12G;RM50S101;HA24;Diazed DII E27 - X3;Termica Unipolar;Relé Térmico - Elektrop?ístroj;KM1/2
RM70S101;CICLO- SALIDA DE CONDENSADO DEL C.B.P N°4;3 CA;12;H;380V -3CA -12H;RM70S101;HA24;Diazed DII E27 - X3;Termica Unipolar;Relé Térmico - Elektrop?ístroj;KM1/2
RM60S102;CICLO- ENTRADA DE CONDENSADO DEL C.B.P N°4;3 CA;12;J;380V -3CA -12J;RM60S102;HA24;Diazed DII E27 - X3;Termica Unipolar;Relé Térmico - Elektrop?ístroj;KM1/2
RM61S101;CICLO- BY-PASS DE CONDENSADO DEL C.B.P N°4;3 CA;12;K;380V -3CA -12K;RM61S101;HA24;Diazed DII E27 - X3;Termica Unipolar;Relé Térmico - Elektrop?ístroj;KM1/2
SR10W001;CICLO- ;3 CA;12;L;380V -3CA -12L;SR10W001;;Diazed DII E27 - X3;Termica Unipolar;;KM1
RF01S101;CICLO- ENTRADA DE 6° EXTRACCION  AL C.A.P N°1;3 CA;13;A;380V -3CA -13A;RF01S101;HA16;Diazed DII E27 - X3;Termica Unipolar;;KM1/2
RF02S101;CICLO- ENTRADA DE 7° EXTRACCION  AL C.A.P N°2;3 CA;13;B;380V -3CA -13B;RF02S101;HA16;Diazed DII E27 - X3;Termica Unipolar;;KM1/2
SN10S101;TURBINA- VAPOR DE CALENTAMIENTO TUBERIA M.P;3 CA;13;C;380V -3CA -13C;SN10S101;;Diazed DII E27 - X3;Termica Unipolar;;KM1/2
VN07S101;CICLO- ASPIRACION EYECTOR DE VAPOR SIST. REFR;3 CA;13;D;380V -3CA -13D;VN07S101;HA23;Diazed DII E27 - X3;Termica Unipolar;;KM1/2
SC03S101;TURBINA- RECIRCULACION DE ACEITE AL TQ PPAL;3 CA;13;E;380V -3CA -13E;SC03S101;HA18;Diazed DII E27 - X3;Termica Unipolar;;KM1/2
;;3 CA;13;F;380V -3CA -13F;;;Diazed DII E27 - X3;Termica Unipolar;;KM1/2
;;3 CA;13;G;380V -3CA -13G;;;Diazed DII E27 - X3;Termica Unipolar;;KM1/2
;;3 CA;13;H;380V -3CA -13H;;;Diazed DII E27 - X3;Termica Unipolar;;KM1/2
;;3 CA;13;J;380V -3CA -13J;;;;;Termica Bipolar;
;;3 CA;13;K;380V -3CA -13K;;;;;Termica Bipolar;
VF01M101;REFRIGERACION- BOMBA REFRIG AUXILIAR;3 CA;14;B;380V -3CA -14B;VF01M101;HA26;Secc. - PH1;Termica Unipolar C4;Relé Térmico - Elektrop?ístroj;KM1 500v160a
SU10M101;TURBINA- EYECTOR DE SISTEMA ACEITE H2;3 CA;14;C;380V -3CA -14C;SU10M101;;Secc. - NH00 - 50A;Termica Unipolar C4;Relé Térmico - Elektrop?ístroj;KM1 - K1/2/3
VF01S101;REFRIGERACION- DESC BOMBA REFRIG AUXILIAR;3 CA;14;E;380V -3CA -14E;VF01S101;HA26;Secc-NH000-20A FU1->T. Tripolar C10;Termica Unipolar C4;Relé Térmico - Elektrop?ístroj;KM1/2
VG13S101;REFRIGERACION- SALIDA DESDE ENFR. AGUA-AGUA;3 CA;15;A;380V -3CA -15A;VG13S101;HA26;Diazed DII E27 - X3;Termica Unipolar;Relé Térmico - Elektrop?ístroj;KM1/2
VG12S101;REFRIGERACION- SALIDA DESDE ENFR AGUA-AGUA;3 CA;15;B;380V -3CA -15B;VG12S101;HA26;Diazed DII E27 - X3;Termica Unipolar;Relé Térmico - Elektrop?ístroj;KM1/2
VG09S101;REFRIGERACION- ENTRADA A ENFR. AGUA-AGUA;3 CA;15;C;380V -3CA -15C;VG09S101;HA26;Diazed DII E27 - X3;Termica Unipolar;Relé Térmico - Elektrop?ístroj;KM1/2
VG08S101;REFRIGERACION- ENTRADA A ENFR. AGUA-AGUA;3 CA;15;D;380V -3CA -15D;VG08S101;HA26;Diazed DII E27 - X3;Termica Unipolar;Relé Térmico - Elektrop?ístroj;KM1/2
RP03S101;CICLO- COND DE LOS C.A.P 1Y2  AL CONDENSADOR ;3 CA;15;E;380V -3CA -15E;RP03S101;HA16;Diazed DII E27 - X3;Termica Unipolar;Relé Térmico - Elektrop?ístroj;KM1/2
RN22S101;CICLO- COND DEL C.B.P N°3  AL CONDENSADOR ;3 CA;15;G;380V -3CA -15G;RN22S101;HA24;Diazed DII E27 - X3;Termica Unipolar;Relé Térmico - Elektrop?ístroj;KM1/2
RN32S101;CICLO- COND DEL C.B.P N°4 AL CONDENSADOR ;3 CA;15;H;380V -3CA -15H;RN32S101;HA24;Diazed DII E27 - X3;Termica Unipolar;Relé Térmico - Elektrop?ístroj;KM1/2
SH73S101;TURBINA-CALENTAMIENTO LINEA DE M.P AL COND.;3 CA;15;J;380V -3CA -15J;SH73S101;HA18;Diazed DII E27 - X3;Termica Unipolar;Relé Térmico - Elektrop?ístroj;KM1/2
SH70S101;TURBINA- CALENTAMIENTO LINEA A.P AL COND;3 CA;15;K;380V -3CA -15K;SH70S101;HA18;Diazed DII E27 - X3;Termica Unipolar;Relé Térmico - Elektrop?ístroj;KM1/2
RN35S101;CICLO- ;3 CA;15;L;380V -3CA -15L;RN35S101;HA12;Diazed DII E27 - X3;Termica Unipolar;Relé Térmico - Elektrop?ístroj;KM1/2
RQ09S101;CALDERA- ENTRADA DE VAPOR AJENO A E.R.V.;3 CA;17;A;380V -3CA -17A;RQ09S101;HA19;Diazed DII E27 - X3;Diazed DII E27 - X1;Relé Térmico - Elektrop?ístroj;KM1/2
RC10S101;CALDERA- ENTRADA DE VAPOR A E.R.V. N°1;3 CA;17;B;380V -3CA -17B;RC10S101;HA19;Diazed DII E27 - X3;Diazed DII E27 - X1;Relé Térmico - Elektrop?ístroj;KM1/2
RQ81S101;CALDERA- ENTRADA DE VAPOR A E.R.V  N°4;3 CA;17;C;380V -3CA -17C;RQ81S101;HA19;Diazed DII E27 - X3;Diazed DII E27 - X1;Relé Térmico - Elektrop?ístroj;KM1/2
RQ50S101;CALDERA- ENTRADA DE VAPOR A E.R.V  N°2;3 CA;17;D;380V -3CA -17D;RQ50S101;HA19;Diazed DII E27 - X3;Diazed DII E27 - X1;Relé Térmico - Elektrop?ístroj;KM1/2
RQ30S101;CALDERA- ENTRADA DE VAPOR A E.R.V  N°3;3 CA;17;E;380V -3CA -17E;RQ30S101;HA19;Diazed DII E27 - X3;Diazed DII E27 - X1;Relé Térmico - Elektrop?ístroj;KM1/2
RQ25S101;CALDERA- VAPOR PARA CALENTADORES DE AIRE;3 CA;17;F;380V -3CA -17F;RQ25S101;HA19;Diazed DII E27 - X3;Diazed DII E27 - X1;Relé Térmico - Elektrop?ístroj;KM1/2
RC10S102;CALDERA- VAPOR DE CALDERA PARA E.R.V  N°1,2 Y 4;3 CA;17;G;380V -3CA -17G;RC10S102;HA19;Diazed DII E27 - X3;Diazed DII E27 - X1;Relé Térmico - Elektrop?ístroj;KM1/2
RS42S101;CALDERA-AGUA PARA ATEMPERACION COLECTOR N°2;3 CA;17;H;380V -3CA -17H;RS42S101;HA19;;;ITM Antiguo - SER;K3(RP701)
RS42S102;CALDERA-AGUA PARA ATEMPERACION COLECTOR N°2;3 CA;17;J;380V -3CA -17J;RS42S102;HA19;;;ITM Antiguo - SER;K3(RP701)
RS40S101;CALDERA-AGUA PARA ATEMPERACION COLECTOR N°1;3 CA;17;K;380V -3CA -17K;RS40S101;HA19;;;ITM Antiguo - SER;K3(RP701)
RS40S102;CALDERA-AGUA PARA ATEMPERACION COLECTOR N°1;3 CA;17;L;380V -3CA -17L;RS40S102;HA19;;;ITM Antiguo - SER;K3(RP701)
RV50S101;CALDERA- DRENAJE DE TQ DE ALIMENTACION;3 CA;18;A;380V -3CA -18A;RV50S101;HA24;Diazed DII E27 - X3;Termica Unipolar;Relé Térmico - Elektrop?ístroj;KM1/2
RM70S102;CALDERA-ENTRADA DE AGUA AL TQ DE ALIMENTACION;3 CA;18;B;380V -3CA -18B;RM70S102;HA24;Diazed DII E27 - X3;Termica Unipolar;Relé Térmico - Elektrop?ístroj;KM1/2
RH40S102;CALDERA-VAPOR DE CALEFACCION AL TQ ALIM.;3 CA;18;C;380V -3CA -18C;RH40S102;HA24;Diazed DII E27 - X3;Termica Unipolar;Relé Térmico - Elektrop?ístroj;KM1/2
RP02S101;CALDERA-CONDENSADO DESDE C.A.P AL TQ DE ALIM.;3 CA;18;D;380V -3CA -18D;RP02S101;HA16;Diazed DII E27 - X3;Termica Unipolar;Relé Térmico - Elektrop?ístroj;KM1/2
RU09S101;CALDERA-DRENAJE DEL TQ DE ALIM. AL COND.;3 CA;18;E;380V -3CA -18E;RU09S101;HA24;Diazed DII E27 - X3;Termica Unipolar;Relé Térmico - Elektrop?ístroj;KM1/2
RN37S101;;3 CA;18;F;380V -3CA -18F;RN37S101;HA12;Diazed DII E27 - X3;Termica Unipolar;Relé Térmico - Elektrop?ístroj;KM1/2
UK01S101;;3 CA;18;H;380V -3CA -18H;UK01S101;;;;Termica Bipolar;K3(RP701)
NS10M101;CALDERA-VENTILADOR RECIR. DE HUMOS A;3 CA;20;A;380V -3CA -20A;NS10M101;HA12;Secc. - PH3 - 630A;Termica Unipolar C6;Relé Térmico - Elektrop?ístroj;
3CA-3OCN;ACOPLE CON BARRA OCN (OCN01);3 CA;20;B;380V -3CA -20B;3CA-3OCN;;Secc. - PH3 - 630A;;;
NS10W001;CALDERA-CALENTAMIENTO DE MOTOR V.R.H A;3 CA;21;A;380V -3CA -21A;NS10W001;HA12;Diazed DII E27 - X2;Termica Unipolar C4;;KM1
NW20W001;CALDERA-CALENTAMIENTO DE ACEITE DE V.R.H A;3 CA;21;B;380V -3CA -21B;NW20W001;HA12;Diazed DII E27 - X2;Termica Unipolar C4;;KM1
NW20M102;CALDERA-VENTILADOR REFR.ACEITE DE V.R.H A;3 CA;21;C;380V -3CA -21C;NW20M102;HA12;Diazed DII E27 - X3;Termica Unipolar C4;Relé Térmico - Elektrop?ístroj;KM1
NW20M101;CALDERA-BOMBA LUBRICACION COJ. V.R.H A;3 CA;21;D;380V -3CA -21D;NW20M101;HA12;Diazed DII E27 - X3;Termica Unipolar C4;Relé Térmico - Elektrop?ístroj;KM1
NG12S101;CALDERA- BY-PASS DE HUMOS DE V.R.H A;3 CA;21;G;380V -3CA -21G;NG12S101;HA12;Diazed DII E27 - X3;Termica Unipolar C4;Relé Térmico - Elektrop?ístroj;KM1/2
NS10S103;CALDERA-SALIDA DE HUMOS DE V.R.H A;3 CA;21;H;380V -3CA -21H;NS10S103;HA12;Diazed DII E27 - X3;Termica Unipolar C4;Relé Térmico - Elektrop?ístroj;KM1/2
NS10S102;CALDERA-SALIDA DE HUMOS DE V.R.H A;3 CA;21;J;380V -3CA -21J;NS10S102;HA12;Diazed DII E27 - X3;Termica Unipolar C4;Relé Térmico - Elektrop?ístroj;KM1/2
NS10S101;CALDERA-SALIDA DE HUMOS DE V.R.H A;3 CA;21;K;380V -3CA -21K;NS10S101;HA12;Diazed DII E27 - X3;Termica Unipolar C4;Relé Térmico - Elektrop?ístroj;KM1/2
NG10S101;CALDERA-SALIDA PPAL DE AIRE DE V.T.F A;3 CA;22;A;380V -3CA -22A;NG10S101;HA11;Diazed DII E27 - X3;Termica Unipolar C6;Relé Térmico - Elektrop?ístroj;KM1/2
NG10W001;CALDERA-CALENTAMIENTO DE MOTOR V.T.F A;3 CA;22;B;380V -3CA -22B;NG10W001;HA11;Diazed DII E27 - X2;Termica Unipolar C6;;KM1
NR10S101;CALDERA-ENTRADA DE HUMOS AL C.A.R. A;3 CA;22;G;380V -3CA -22G;NR10S101;HA11;Diazed DII E27 - X3;Termica Unipolar C4;Relé Térmico - Elektrop?ístroj;KM1/2
NG10S104;CALDERA-SALIDA DE AIRE DE C.A.R A;3 CA;22;H;380V -3CA -22H;NG10S104;HA11;Diazed DII E27 - X3;Termica Unipolar C4;Relé Térmico - Elektrop?ístroj;KM1/2
NG11S101;CALDERA- BY-PASS DE AIRE DE  C.A.R A;3 CA;22;J;380V -3CA -22J;NG11S101;HA11;Diazed DII E27 - X3;Termica Unipolar C4;Relé Térmico - Elektrop?ístroj;KM1/2
NG10S102;CALDERA- ENTRADA DE AIRE AL C.A.R A;3 CA;22;K;380V -3CA -22K;NG10S102;HA11;Diazed DII E27 - X3;Termica Unipolar C4;Relé Térmico - Elektrop?ístroj;KM1/2
RL78S102;CALDERA- AGUA ALIMENT. CALDERA LADO IZQ;3 CA;23;A;380V -3CA -23A;RL78S102;HA17;Secc. - NH000 - 35A;Termica Unipolar C4;Relé Térmico - Elektrop?ístroj;KM1/2
RL78S101;CALDERA- AGUA ALIMENT. CALDERA LADO IZQ;3 CA;23;B;380V -3CA -23B;RL78S101;HA17;Secc. - NH000 - 25A;Termica Unipolar C4;Relé Térmico - Elektrop?ístroj;KM1/2
NX11S201;CALDERA-PURGA CONTINUA DE DOMO LADO IZQ.;3 CA;23;C;380V -3CA -23C;NX11S201;HA16;Diazed DII E27 - X3;Termica Unipolar C4;Relé Térmico - Elektrop?ístroj;KM1/2
RL52S103;CALDERA-ATEMP. RECALENTADO LADO IZQ.;3 CA;23;D;380V -3CA -23D;RL52S103;HA17;Diazed DII E27 - X3;Termica Unipolar C4;Relé Térmico - Elektrop?ístroj;KM1/2
RL54S101;CALDERA-ATEMP. RECALENTADO LADO IZQ.;3 CA;23;E;380V -3CA -23E;RL54S101;HA17;Diazed DII E27 - X3;Termica Unipolar C4;Relé Térmico - Elektrop?ístroj;KM1/2
RL77S101;CALDERA-ATEMP.100% SOBRECALENTADO LADO IZQ;3 CA;23;F;380V -3CA -23F;RL77S101;HA17;Diazed DII E27 - X3;Termica Unipolar C4;Relé Térmico - Elektrop?ístroj;KM1/2
RL74S101;CALDERA-ATEMP.40% SOBRECALENTADO LADO IZQ;3 CA;23;G;380V -3CA -23G;RL74S101;HA17;Diazed DII E27 - X3;Termica Unipolar C4;Relé Térmico - Elektrop?ístroj;KM1/2
RL76S101;CALDERA-ATEMP.40% SOBRECALENTADO LADO IZQ;3 CA;23;H;380V -3CA -23H;RL76S101;HA17;Diazed DII E27 - X3;Termica Unipolar C4;Relé Térmico - Elektrop?ístroj;KM1/2
RL75S101;CALDERA-ATEMP.100% SOBRECALENTADO LADO IZQ;3 CA;23;J;380V -3CA -23J;RL75S101;HA17;Diazed DII E27 - X3;Termica Unipolar C4;Relé Térmico - Elektrop?ístroj;KM1/2
RQ25S102;CALDERA-VAPOR PARA CALENTADOR DE AIRE;3 CA;23;K;380V -3CA -23K;RQ25S102;HA12;Diazed DII E27 - X3;Termica Unipolar C4;Relé Térmico - Elektrop?ístroj;KM1/2
RL82S101;CALDERA- AGUA ATEMP. ADICIONAL LADO IZQ;3 CA;24;C;380V -3CA -24C;RL82S101;HA17;Diazed DII E27 - X3;Termica Unipolar C4;Relé Térmico - Elektrop?ístroj;KM1/2
NV02M101;CALDERA-SOPLADOR A VAPOR DEL C.A.R;3 CA;24;G;380V -3CA -24G;NV02M101;HA13;Diazed DII E27 - X3;Termica Unipolar C4;Relé Térmico - Elektrop?ístroj;KM1/2
NV04M101;CALDERA-SOPLADOR A VAPOR DEL C.A.R;3 CA;24;H;380V -3CA -24H;NV04M101;HA13;Diazed DII E27 - X3;Termica Unipolar C4;Relé Térmico - Elektrop?ístroj;KM1/2
NV13S101;CALDERA-SOPLADOR A VAPOR DEL C.A.R;3 CA;24;J;380V -3CA -24J;NV13S101;;;;Termica Bipolar C1;K3(RP701)
NV16S101;CALDERA-SOPLADOR A VAPOR DEL C.A.R;3 CA;24;K;380V -3CA -24K;NV16S101;HA13;;;Termica Bipolar C1;K3(RP701)
VG92S101;CALDERA-ENTRADA AGUA DE REFRIG. C.A.R A;3 CA;24;L;380V -3CA -24L;VG92S101;HA11;;;Termica Bipolar C0,5;K3(RP701)
VG92S102;CALDERA-SALIDA AGUA DE REFRIG. C.A.R A;3 CA;24;M;380V -3CA -24M;VG92S102;HA11;;;Termica Bipolar C0,5;K3(RP701)
NE21J001;CALDERA-;3 CA;24;R;380V -3CA -24R;NE21J001;HA16;;;Termica Bipolar C1;K3/4/5/6/7(RP701)
NA41J001;CALDERA-;3 CA;24;Q;380V -3CA -24Q;NA41J001;;;;Termica Bipolar C1;K3/4/5/6/7(RP701)
NV30M101;CALDERA- SOPLADOR DE CALDERA N°14;3 CA;26;A;380V -3CA -26A;NV30M101;HA13;Diazed DII E27 - X3;Diazed DII E27 - X1;Relé Térmico - Elektrop?ístroj;KM1/2 - K3/4/7/8(RP701)
NV29M101;CALDERA- SOPLADOR DE CALDERA N°13;3 CA;26;B;380V -3CA -26B;NV29M101;HA13;Diazed DII E27 - X3;Diazed DII E27 - X1;Relé Térmico - Elektrop?ístroj;KM1/2 - K3/4/7/8(RP701)
NV28M101;CALDERA- SOPLADOR DE CALDERA N°12;3 CA;26;C;380V -3CA -26C;NV28M101;HA13;Diazed DII E27 - X3;Diazed DII E27 - X1;Relé Térmico - Elektrop?ístroj;KM1/2 - K3/4/7/8(RP701)
NV27M101;CALDERA- SOPLADOR DE CALDERA N°11;3 CA;26;D;380V -3CA -26D;NV27M101;HA13;Diazed DII E27 - X3;Diazed DII E27 - X1;Relé Térmico - Elektrop?ístroj;KM1/2 - K3/4/7/8(RP701)
NV26M101;CALDERA- SOPLADOR DE CALDERA N°10;3 CA;26;E;380V -3CA -26E;NV26M101;HA13;Diazed DII E27 - X3;Diazed DII E27 - X1;Relé Térmico - Elektrop?ístroj;KM1/2 - K3/4/7/8(RP701)
NV25M101;CALDERA- SOPLADOR DE CALDERA N°9;3 CA;26;F;380V -3CA -26F;NV25M101;HA13;Diazed DII E27 - X3;Diazed DII E27 - X1;Relé Térmico - Elektrop?ístroj;KM1/2 - K3/4/7/8(RP701)
NV24M101;CALDERA- SOPLADOR DE CALDERA N°8;3 CA;26;G;380V -3CA -26G;NV24M101;HA13;Diazed DII E27 - X3;Diazed DII E27 - X1;Relé Térmico - Elektrop?ístroj;KM1/2 - K3/4/7/8(RP701)
RL40S101;CICLO- DESCARGA PPAL DE BOMBA RL 11;3 CA;27;B;380V -3CA-27B;RL40S101;HA15;Diazed DII E27 - X3;Diazed DII E27 - X1;Relé Térmico - Elektrop?ístroj;KM1/2
RL40S102;CICLO- BY-PASS DESCARGA DE BOMBA RL 11;3 CA;27;C;380V -3CA-27C;RL40S102;;Diazed DII E27 - X3;Diazed DII E27 - X1;Relé Térmico - Elektrop?ístroj;KM1/2
RL41S101;CICLO- RECIRCULACION DE BOMBA RL 11;3 CA;27;D;380V -3CA-27D;RL41S101;HA15;Diazed DII E27 - X3;Diazed DII E27 - X1;Relé Térmico - Elektrop?ístroj;KM1/2
RL42S101;CICLO-AGUA PARA ATEMPERACION RECALENTADO;3 CA;27;E;380V -3CA-27E;RL42S101;HA15;Diazed DII E27 - X3;Diazed DII E27 - X1;Relé Térmico - Elektrop?ístroj;KM1/2
RL11W001;CICLO- CALENTAMIENTO MOTOR RL 11;3 CA;27;G;380V -3CA-27G;RL11W001;HA15;Diazed DII E27 - X2;Diazed DII E27 - X1;;KM1
RL11W002;CICLO- CALENTAMIENTO MOTOR RL 11;3 CA;27;H;380V -3CA-27H;RL11W002;;Diazed DII E27 - X3;Diazed DII E27 - X1;;KM1
VG55S101;CICLO- AGUA REFRIGERACION MOTOR DE RL 11;3 CA;27;J;380V -3CA-27J;VG55S101;HA15;;;ITM Antiguo - SER;K3(RP701)
VG50S101;CICLO- AGUA REFRIGERACION COJ RL 11;3 CA;27;K;380V -3CA-27K;VG50S101;HA15;;;ITM Antiguo - SER;K3(RP701)
RV20S101;CICLO- AGUA DE SELLO DE RL 11;3 CA;27;L;380V -3CA-27L;RV20S101;HA15;;;ITM Antiguo - SER;K3(RP701)
RM21W001;CICLO- CALENTAMIENTO MOTOR RM 21;3 CA;28;A;380V -3CA -28A;RM21W001;HA20;Diazed DII E27 - X2;Diazed DII E27 - X1;;KM1
RM31S101;CICLO- DESCARGA CONDENSADO BOMBA RM 21;3 CA;28;B;380V -3CA -28B;RM31S101;HA20;Diazed DII E27 - X3;Diazed DII E27 - X1;Relé Térmico - Elektrop?ístroj;KM1/2
RM02W001;CICLO- CALENTAMIENTO MOTOR RM 02;3 CA;28;D;380V -3CA -28D;RM02W001;HA20;Diazed DII E27 - X2;Diazed DII E27 - X1;;KM1
RM11S101;CICLO- DESCARGA CONDENSADO BOMBA RM 02;3 CA;28;E;380V -3CA -28E;RM11S101;HA20;Diazed DII E27 - X3;Diazed DII E27 - X1;Relé Térmico - Elektrop?ístroj;KM1/2
RM02S101;CICLO- SUCCION CONDENSADO BOMBA RM 02;3 CA;28;F;380V -3CA -28F;RM02S101;HA20;Diazed DII E27 - X3;Diazed DII E27 - X1;Relé Térmico - Elektrop?ístroj;KM1/2
RJ23S101;CICLO- ASPIRACION DE BOMBA RM 02;3 CA;28;H;380V -3CA -28H;RJ23S101;HA20;Diazed DII E27 - X3;Diazed DII E27 - X1;Relé Térmico - Elektrop?ístroj;KM1/2
VG22S101;CICLO- REFRIGERACION DE COJ. RM21;3 CA;28;J;380V -3CA -28J;VG22S101;HA20;;;ITM Antiguo - SER;K3(RP701)
VG26S101;CICLO- REFRIGERACION DE COJ RM 02;3 CA;28;K;380V -3CA -28K;VG26S101;HA20;;;ITM Antiguo - SER;K3(RP701)
SG51M101;CICLO- VENTILADOR ESCAPE DE SELLO N°2;3 CA;29;B;380V -3CA -29B;SG51M101;HA21;Secc. - NH000 - 80A;Termica Unipolar C4;Relé Térmico - Elektrop?ístroj;KM1 500v404a
SG51S102;CICLO- ASPIRACION VENTILADOR N°2;3 CA;29;C;380V -3CA -29C;SG51S102;;Diazed DII E27 - X3;Termica Unipolar C4;Relé Térmico - Elektrop?ístroj;KM1/2
RM32S102;CICLO- SALIDA CONDENSADO A C.V.E;3 CA;29;D;380V -3CA -29D;RM32S102;HA21;Diazed DII E27 - X3;Termica Unipolar C4;Relé Térmico - Elektrop?ístroj;KM1/2
RM37S101;CICLO- SALIDA CONDENSADO  EYEC.V N°2;3 CA;29;F;380V -3CA -29F;RM37S101;HA20;Diazed DII E27 - X3;Termica Unipolar C4;Relé Térmico - Elektrop?ístroj;KM1/2
RM35S101;CICLO- ENTRADA CONDENSADO EYEC.V N°2;3 CA;29;G;380V -3CA -29G;RM35S101;HA20;Diazed DII E27 - X3;Termica Unipolar C4;Relé Térmico - Elektrop?ístroj;KM1/2
RN81S101;CICLO- DRENAJE CONDENSADO EYEC.V N°2;3 CA;29;H;380V -3CA -29H;RN81S101;HA21;Diazed DII E27 - X3;Termica Unipolar C4;Relé Térmico - Elektrop?ístroj;KM1/2
RJ12S101;CICLO- ASPIRACION AIRE  EYEC.V N°2;3 CA;29;J;380V -3CA -29J;RJ12S101;HA21;Diazed DII E27 - X3;Termica Unipolar C4;Relé Térmico - Elektrop?ístroj;KM1/2
RQ03S101;CICLO- ENTRADA VAPOR A EYEC.V N°2;3 CA;29;K;380V -3CA -29K;RQ03S101;HA21;Diazed DII E27 - X3;Termica Unipolar C4;Relé Térmico - Elektrop?ístroj;KM1/2
UA93M101;CALDERA-REPOSICION AGUA DESMI N°2;3 CA;30;A;380V -3CA -30A;UA93M101;HA21;Secc. - NH000 - 35A;Termica Unipolar C4;Relé Térmico - Elektrop?ístroj;KM1 500v40a
VN02M101;CICLO-EYECTOR ROTATIVO N°2;3 CA;30;C;380V -3CA -30C;VN02M101;HA23;Secc. - NH000 - 35A;Termica Unipolar C4;Relé Térmico - Elektrop?ístroj;KM1
SD11S101;TURBINA- CALENTAMIENTO CAMARAS ALTA P.;3 CA;30;F;380V -3CA -30F;SD11S101;HA18;Diazed DII E27 - X3;Termica Unipolar C4;Relé Térmico - Elektrop?ístroj;KM1/2
SD30S201;TURBINA- CALENTAMIENTO BRIDAS CUERPO MEDIA P.;3 CA;30;G;380V -3CA -30G;SD30S201;HA18;Diazed DII E27 - X3;Termica Unipolar C4;Relé Térmico - Elektrop?ístroj;KM1/2
SD30S101;TURBINA- CALENTAMIENTO BRIDAS CUERPO MEDIA P.;3 CA;30;H;380V -3CA -30H;SD30S101;HA18;Diazed DII E27 - X3;Termica Unipolar C4;Relé Térmico - Elektrop?ístroj;KM1/2
VN13S101;CICLO- ENTRADA AGUA EYECTOR N°2;3 CA;30;K;380V -3CA -30K;VN13S101;HA23;;;Interr.T Antiguo - SER;K3(RP701)
VG31M101;CICLO- BOMBA AGUA N°2  REFRIG GENERADOR;3 CA;31;A;380V -3CA -31A;VG31M101;HA26;Secc. - PH1 - 125A;Termica Unipolar C16;Relé Térmico - Elektrop?ístroj;KM1-V100E
UD02M101;CALDERA- BOMBA DE LLENADO DE CALDERA;3 CA;31;B;380V -3CA -31B;UD02M101;;Secc. - PH1 - 125A;Termica Unipolar C4;Relé Térmico - Elektrop?ístroj;KM1-V100E
ST81W001;CALENTAMIENTO;3 CA;31;C;380V -3CA -31C;ST81W001;;Termica Bipolar C4;Termica Unipolar C4;;KM1-K1/2/3(RP701)
VG16M101;CICLO-BOMBA REPOSICION AL TQ ELEVADO;3 CA;31;D;380V -3CA -31D;VG16M101;HA26;Termica Tripolar C16;Termica Unipolar C16;Relé Térmico - Elektrop?ístroj;KM1-K3(RP701)
VG31S101;CICLO- DESCARGA  REFRIG. DEL GENERADOR;3 CA;31;E;380V -3CA -31E;VG31S101;HA26;Termica Tripolar C6;Termica Unipolar C16;Relé Térmico - Elektrop?ístroj;KM1/2
VN02S101;CICLO- ASPIRACION DE EYECTOR ROTATIVO N°2;3 CA;31;F;380V -3CA -31F;VN02S101;HA23;Termica Tripolar C4;Termica Unipolar C16;Relé Térmico - Elektrop?ístroj;KM1/2
VG16S101;CICLO- DESCARGA AGUA REPOSISION TQ ELEVADO;3 CA;31;G;380V -3CA -31G;VG16S101;HA26;;;ITM Antiguo - SER;K3(RP701)
VG02M101;CICLO- BOMBA N°2 SISTEMA SECUNDARIO;3 CA;32;A;380V -3CA -32A;VG02M101;HA26;;;;
VG02S101;CICLO- DESCARGA BOMBA N°2 SISTEMA SECUNDARIO;3 CA;32;B;380V -3CA -32B;VG02S101;HA26;;;;
VC02W001;DARSENA- CALENTAMEINTO MOTOR VC02;3 CA;32;C;380V -3CA -32C;VC02W001;HA25;;;;
SC02M101;TURBINA-BOMBA ACEITE ARRANQUE N°2;3 CA;33;A;380V -3CA -33A;SC02M101;HA18;;;;
SC02S101;TURBINA- DESC BOMBA ACEITE ARRANQUE N°2;3 CA;33;B;380V -3CA -33B;SC02S101;HA18;;;;
AE12U901;ALIMENTACION;3 CA;36;A;380V -3CA -36A;AE12U901;;;;;
3AT01U901;ALIMENTACION;3 CA;36;W;380V -3CA -36W;3AT01U901;;;;;
380VRAT;ALIMENTACION AUXILIAR AL R.A.T;3 CA;37;A;380V -3CA -37A ;380VRAT;;;;;
3BT01U901;ALMENTACION;3 CA;37;F;380V -3CA -37F;3BT01U901;;;;;
3JD04;ALIMENTACION;3 CA;37;L;380V -3CA -37L;3JD04;;;;;
3JD08;ALIMENTACION;3 CA;37;M;380V -3CA -37M;3JD08;;;;;
HB38;ALIMENTACION;3 CA;37;N;380V -3CA -37N;HB38;;;;;
HB39;ALIMENTACION;3 CA;37;P;380V -3CA -37P;HB39;;;;;
ODA;ALIMENTACION;3 CA;37;R;380V -3CA -37R;ODA;;;;;
ODB;ALIMENTACION;3 CA;37;S;380V -3CA -37S;ODB;;;;;
ODC;ALIMENTACION;3 CA;37;T;380V -3CA -37T;ODC;;;;;
PF26S101;CALDERA- VENTEO ARRANQUE SISTEMA DE GAS ;3 CA;40;C;380V -3CA -40C;PF26S101;HA14;;;;
RQ70S201;CALDERA- SISTEMA DE FUEL-OIL;3 CA;40;D;380V -3CA -40D;RQ70S201;HA14;;;;
NV21S103;CALDERA- SOPLADORES DE CALDERA;3 CA;40;F;380V -3CA -40F;NV21S103;HA12;;;;
NV21S101;CALDERA- SOPLADORES DE CALDERA;3 CA;40;G;380V -3CA -40G;NV21S101;HA12;;;;
PF42H101;;3 CA;40;L;380V -3CA -40L;PF42H101;;;;;
RL52S102;CALDERA- ENTRADA ATEMPERADORES RECALENTADO;3 CA;41;A;380V -3CA -41A;RL52S102;HA17;;;;
RL79S101;CALDERA-ANTERIOR ALIMENTACION CALD. 40%;3 CA;41;B;380V -3CA -41B;RL79S101;HA17;;;;
RL79S102;CALDERA-POSTERIOR ALIMENTACION CALD 40%;3 CA;41;C;380V -3CA -41C;RL79S102;HA17;;;;
RL79S201;CALDERA- REGULADORA ALIMENTACION CALDERA 40%;3 CA;41;D;380V -3CA -41D;RL79S201;;;;;
NC01S101;CALDERA- PURGA DE FONDO EN DOMO;3 CA;41;E;380V -3CA -41E;NC01S101;HA16;;;;
NC01S201;CALDERA- REGULADORA PURGA DE FONDO EN DOMO;3 CA;41;F;380V -3CA -41F;NC01S201;HA16;;;;
RL70S101;CALDERA- ENTRADA AGUA PARA ATEMP. SOBRE.;3 CA;41;G;380V -3CA -41G;RL70S101;HA17;;;;
NN70S101;CALDERA- PPAL ENTRADA DE GAS A CALDERA;3 CA;41;H;380V -3CA -41H;NN70S101;HA14;;;;
NV10S101;CALDERA- VENTEO ARRANQUE SISTEMA DE GAS ;3 CA;41;K;380V -3CA -41K;NV10S101;HA14;;;;
NV10S102;CALDERA- SOPLADORES DEL C.A.R;3 CA;41;L;380V -3CA -41L;NV10S102;HA14;;;;
NV10S104;CALDERA- SOPLADORES DEL C.A.R;3 CA;41;N;380V -3CA -41N;NV10S104;HA14;;;;
PE10M101;CALDERA;3 CA;42;A;380V -3CA -42A;PE10M101;HA14;;;;
NW01W001;CALDERA- CALENTAMIENTO TQ ACEITE DE LOS C.A.R;3 CA;42;B;380V -3CA -42B;NW01W001;HA11;;;;
NG30S101;CALDERA- INTERCONEXION AIRE VTF A y B;3 CA;42;D;380V -3CA -42D;NG30S101;HA11;;;;
PE10S101;CALDERA;3 CA;42;E;380V -3CA -42E;PE10S101;HA14;;;;
RQ55S101;CALDERA;3 CA;42;H;380V -3CA -42H;RQ55S101;HA14;;;;
RQ70S101;CALDERA-  SISTEMA DE FUEL OIL;3 CA;42;J;380V -3CA -42J;RQ70S101;HA14;;;;
NS20M101;CALDERA-VENTILADOR RECIR HUMOS LADO DERECHO;3 CA;43;A;380V -3CA -43A;NS20M101;HA21;;;;
NS20W001;CALDERA-CALENTAMIENTO DE MOTOR VRH B;3 CA;44;A;380V -3CA -44A;NS20W001;HA12;;;;
NW30W001;CALDERA-CALENTAMIENTO DE ACEITE VRH B;3 CA;44;B;380V -3CA -44B;NW30W001;HA12;;;;
NW30M102;CALDERA-VENTILADOR REFRIG ACEITE VRH B;3 CA;44;C;380V -3CA -44C;NW30M102;HA12;;;;
NW30M101;CALDERA-BOMBA DE ACEITE DE VRH B;3 CA;44;D;380V -3CA -44D;NW30M101;HA12;;;;
NG22S101;CALDERA- BY-PASS DE HUMOS VRH B;3 CA;44;G;380V -3CA -44G;NG22S101;HA12;;;;
NS20S103;CALDERA-SALIDA DE HUMOS VRH B;3 CA;44;H;380V -3CA -44H;NS20S103;HA12;;;;
NS20S102;CALDERA-SALIDA DE HUMOS VRH B;3 CA;44;J;380V -3CA -44J;NS20S102;HA12;;;;
NS20S101;CALDERA-ENTRADA DE HUMOS VRH B;3 CA;44;K;380V -3CA -44K;NS20S101;HA12;;;;
NG20S101;CALDERA-SALIDA PPAL DE AIRE DE V.T.F B;3 CA;46;A;380V -3CA -46A;NG20S101;HA11;;;;
NG20W001;CALDERA-CALENTAMIENTO DE MOTOR VTF B;3 CA;46;B;380V -3CA -46B;NG20W001;HA11;;;;
NR20S101;CALDERA-ENTRADA DE HUMOS AL C.A.R. B;3 CA;46;G;380V -3CA -46G;NR20S101;HA11;;;;
NG20S104;CALDERA-SALIDA DE AIRE DE C.A.R B;3 CA;46;H;380V -3CA -46H;NG20S104;HA11;;;;
NG21S101;CALDERA- BY-PASS DE AIRE DE  C.A.R B;3 CA;46;J;380V -3CA -46J;NG21S101;HA11;;;;
NG20S102;CALDERA- ENTRADA DE AIRE AL C.A.R B;3 CA;46;K;380V -3CA -46K;NG20S102;HA11;;;;
RL69S102;CALDERA- AGUA ALIMENT. CALDERA LADO DERECHO;3 CA;47;A;380V -3CA -47A;RL69S102;HA17;;;;
RL69S101;CALDERA- AGUA ALIMENT. CALDERA LADO DERECHO;3 CA;47;B;380V -3CA -47B;RL69S101;HA17;;;;
NX10S201;CALDERA-PURGA CONTINUA DE DOMO LADO DERECHO;3 CA;47;C;380V -3CA -47C;NX10S201;HA16;;;;
RL55S101;CALDERA-ATEMP. RECALENTADO LADO DERECHO;3 CA;47;D;380V -3CA -47D;RL55S101;HA17;;;;
RL56S101;CALDERA-ATEMP. RECALENTADO LADO DERECHO;3 CA;47;E;380V -3CA -47E;RL56S101;HA17;;;;
RL72S101;CALDERA-ATEMP.100% SOBRECALENTADO LADO DER.;3 CA;47;F;380V -3CA -47F;RL72S101;HA17;;;;
RL73S101;CALDERA-ATEMP.40% SOBRECALENTADO LADO DER.;3 CA;47;G;380V -3CA -47G;RL73S101;HA17;;;;
RL70S101;CALDERA-ATEMP.100% SOBRECALENTADO LADO DER.;3 CA;47;H;380V -3CA -47H;RL70S101;HA17;;;;
RL71S101;CALDERA-ATEMP.40% SOBRECALENTADO LADO DER.;3 CA;47;J;380V -3CA -47J;RL71S101;HA17;;;;
RQ26S101;CALDERA-VAPOR PARA CALENTADOR DE AIRE;3 CA;47;K;380V -3CA -47K;RQ26S101;HA12;;;;
RL81S101;CALDERA- AGUA ATEMP. ADICIONAL LADO DERECHO;3 CA;48;C;380V -3CA -48C;RL81S101;HA17;;;;
NV32M101;CALDERA-SOPLADOR DE CALDERA;3 CA;48;E;380V -3CA -48E;NV32M101;;;;;
NV01M102;CALDERA-SOPLADOR A VAPOR DEL C.A.R;3 CA;48;G;380V -3CA -48G;NV01M102;HA13;;;;
NV03M101;CALDERA-SOPLADOR A VAPOR DEL C.A.R;3 CA;48;H;380V -3CA -48H;NV03M101;HA13;;;;
NV12S101;CALDERA-SOPLADOR A VAPOR DEL C.A.R;3 CA;48;J;380V -3CA -48J;NV12S101;HA13;;;;
NV15S101;CALDERA-SOPLADOR A VAPOR DEL C.A.R;3 CA;48;K;380V -3CA -48K;NV15S101;HA13;;;;
VG94S101;CALDERA-ENTRADA AGUA DE REFRIG. C.A.R B;3 CA;48;L;380V -3CA -48L;VG94S101;HA11;;;;
VG94S102;CALDERA-SALIDA AGUA DE REFRIG. C.A.R B;3 CA;48;M;380V -3CA -48M;VG94S102;HA11;;;;
NE22J001;CALDERA-;3 CA;48;R;380V -3CA -48R;NE22J001;HA16;;;;
NV39M101;CALDERA- SOPLADOR DE CALDERA N°7;3 CA;50;A;380V -3CA -50A;NV39M101;HA12;;;;
NV38M101;CALDERA- SOPLADOR DE CALDERA N°6;3 CA;50;B;380V -3CA -50B;NV38M101;HA13;;;;
NV37M101;CALDERA- SOPLADOR DE CALDERA N°5;3 CA;50;C;380V -3CA -50C;NV37M101;HA13;;;;
NV36M101;CALDERA- SOPLADOR DE CALDERA N°4;3 CA;50;D;380V -3CA -50D;NV36M101;HA13;;;;
NV35M101;CALDERA- SOPLADOR DE CALDERA N°3;3 CA;50;E;380V -3CA -50E;NV35M101;HA13;;;;
NV34M101;CALDERA- SOPLADOR DE CALDERA N°2;3 CA;50;F;380V -3CA -50F;NV34M101;HA13;;;;
NV33M101;CALDERA- SOPLADOR DE CALDERA N°1;3 CA;50;G;380V -3CA -50G;NV33M101;HA13;;;;
RA05M102;CICLO TERMICO - AVANCE RAPIDO BY-PASS DE ALTA;3 CC;1;B;380V - 3CC - 1B;RA05M102;HA18;;;;
SU20M101;SIST. DE HIDROGENO - BOMBA PRINCIPAL DE ACEITE;3 CC;1;C;380V - 3CC - 1C;SU20M101;;;;;
RJ14S101;TURBINA - VALVULA ROMPE VACIO;3 CC;1;D;380V - 3CC - 1D;RJ14S101;HA18;;;;
SU20M101;ELECTRICO- ALIMEN. AUXILIAR DESDE 3OCN03;3 CC;1;;VINCULACION CON 3OCN 03;SU20M101;;;;;
ST60M101;SISTEMA DE HIDROGENO;3 CC;2;A;380V - 3CC - 2A;ST60M101;;;;;
ST12S101;SIST. DE HIDROGENO - VALVULA DE CARGA;3 CC;2;H;380V -3CC-2H;ST12S101;HA19;;;;
ST44S101;SIST. DE HIDROGENO - VALVULA DE EVACUACION;3 CC;2;J;380V - 3CC - 2J;ST44S101;HA19;;;;
SC34H101;TURBINA - ACOPLE DE VIRADOR;3 CC;2;L;380V - 3CC - 2L;SC34H101;HA18;;;;
SC24M101;TURBINA - BOMBA DE ELEVACION;3 CC;3;A;380V - 3CC - 3A;SC24M101;HA18;;;;
SC14M101;TURBINA - BOMBA AUXILIAR DE C.A.;3 CC;3;C;380V - 3CC - 3C;SC14M101;HA18;;;;
SM10M101;TURBINA - MOTOR DE VIRADOR;3 CC;3;D;380V - 3CC - 3D;SM10M101;HA18;;;;
DIESELCAT;ALIMENTACION 380V GRUPO DIESEL CAT;3 CC;3;;380V -3CC;DIESELCAT;;;;;
SC24M101;ELECTRICO- ALIMEN. AUXILIAR DESDE 3OCN03;3 CC;3;;VINCULACION CON 3OCN 03;SC24M101;HA18;;;;
3EN10;ELECTRICO-ALIM.CARGADOR BATERIA 220V C.C;3 CC;4;A;380V - 3CC - 4A;3EN10;;;;;
3EP10;ELECTRICO- ALIM. RECTIFICADOR 24V C.C;3 CC;4;B;380V - 3CC - 4B;3EP10;;;;;
3EP20;ELECTRICO- ALIM. RECTIFICADOR 24V C.C;3 CC;4;C;380V - 3CC - 4C;3EP20;;;;;
3EP30;ELECTRICO- ALIM. RECTIFICADOR 24V C.C;3 CC;4;D;380V - 3CC - 4D;3EP30;;;;;
BDZ01;;3 CC;4;E;380V - 3CC - 4E;BDZ01;;;;;
3EN01;ELECTRICO-ALIM.CARGADOR BATERIA 220V C.C;3 CC;4;F;380V - 3CC - 4F;3EN01;;;;;
AE11;ALIMENTACION TABLERO COMPRESOR AE11 ;3 CC;4;G;380V - 3CC - 4G;AE11;;;;;
GJ600;;3 CC;8;A;380V - 3CC - 8A;GJ600;;;;;
3CC08J001;;3 CC;8;D;380V - 3CC - 8D;3CC08J001;;;;;
3-OEZ01;;3 CC;8;K;380V - 3CC - 8K;3-OEZ01;;;;;
3-OEZ02;;3 CC;8;L;380V - 3CC - 8L;3-OEZ02;;;;;
3JT01-02;;3 CC;8;M;380V - 3CC - 8M;3JT01-02;;;;;
3OJT11;;3 CC;8;N;380V - 3CC - 8N;3OJT11;;;;;
3JT11;;3 CC;8;P;380V - 3CC - 8P;3JT11;;;;;
3JT15;;3 CC;8;Q;380V - 3CC - 8Q;3JT15;;;;;
3JT21;;3 CC;8;R;380V - 3CC - 8R;3JT21;;;;;
3HK21;;3 CC;8;S;380V - 3CC - 8S;3HK21;;;;;
3CC00J001;;3 CC;8;T;380V - 3CC - 8T;3CC00J001;;;;;
CECCATOC;ALIMENTACION COMPRESOR CECCATO C;3 CC;8;U;380V - 3CC - 8U;CECCATOC;;;;;
NH10M101;"CALENTADOR DE AIRE REGENERATIVO ""A"" (CAR)";3 CC;9;A;380V - 3CC - 9A;NH10M101;HA11;;;;
NK30M101;CALDERA-VENTILADOR REFRIG. QUEMADORES;3 CC;9;B;380V - 3CC- 9B;NK30M101;HA14;;;;
RL02M102;CICLO TERMICO- PRELUBRICACION DE RL 02;3 CC;9;C;380V - 3CC - 9C;RL02M102;HA16;;;;
NW01M101;BOMBA N° 1 ACEITE DE LUBRICACION C.A.R;3 CC;9;D;380V - 3CC - 9D;NW01M101;HA11;;;;
POLIMEROS;ALIMENTACION A DOSIFICADORES POLIMEROS;3 CC;9;K;380V - 3CC - 9K;POLIMEROS;;;;;
3EA02;;3 CC;9;M;380V - 3CC - 9M;3EA02;;;;;
3EB06;;3 CC;9;M;380V - 3CC - 9M;3EB06;;;;;
3OJT01;;3 CC;9;N;380V - 3CC - 9N;3OJT01;;;;;
NH20M101;"CALENTADOR DE AIRE REGENERATIVO ""B"" (CAR)";3 CC;10;A;380V - 3CC - 10A;NH20M101;HA11;;;;
NK40M101;CALDERA-VENTILADOR REFRIG. QUEMADORES;3 CC;10;B;380V - 3CC - 10B;NK40M101;HA14;;;;
RL11M102;CICLO TERMICO- PRELUBRICACION DE RL 11;3 CC;10;C;380V - 3CC - 10C;RL11M102;HA16;;;;
NW02M101;BOMBA N° 2 ACEITE DE LUBRICACION C.A.R;3 CC;10;D;380V - 3CC - 10D;NW02M101;HA11;;;;
NK50M101;CALDERA-VENTILADOR REFRIG. QUEMADORES;3 CC;11;B;380V - 3CC - 11B;NK50M101;HA14;;;;
RL21M102;CICLO TERMICO- PRELUBRICACION DE RL 21;3 CC;11;C;380V - 3CC - 11C;RL21M102;HA16;;;;
BF1A-JE11;ALIMENTACION;3 DZ;2;A;380V -3DZ- 2A;BF1A-JE11;;;;;
BF1B-JE12;ALIMENTACION;3 DZ;2;B;380V -3DZ- 2B;BF1B-JE12;;;;;
BF2A-JE13;ALIMENTACION;3 DZ;2;C;380V -3DZ- 2C;BF2A-JE13;;;;;
BF2B-JE14;ANALIZADORES OXIGENO - POSICION VALV C.R;3 DZ;2;D;380V -3DZ- 2D;BF2B-JE14;;;;;
BF3A-JE15;ALIMENTACION;3 DZ;2;E;380V -3DZ- 2E;BF3A-JE15;;;;;
BE3B-JE16;ALIMENTACION;3 DZ;2;F;380V -3DZ- 2F;BE3B-JE16;;;;;
BF-GJG02;TABLERO BX (SISTEMA HIDROGENO);3 DZ;2;G;380V -3DZ- 2G;BF-GJG02;;;;;
BF-GJG02;TABLERO BX (SISTEMA HIDROGENO);3 DZ;2;H;380V -3DZ- 2H;BF-GJG02;;;;;
BA-GA;ALIMENTACION;3 DZ;2;J;380V -3DZ - 2J;BA-GA;;;;;
BB1.3GB01;ALIMENTACION;3 DZ;2;K;380V -3DZ - 2K;BB1.3GB01;;;;;
BCA-GC01;ALIMENTACION;3 DZ;2;L;380V -3DZ - 2L;BCA-GC01;;;;;
BCC-GC03;ALIMENTACION;3 DZ;2;M;380V -3DZ- 2M;BCC-GC03;;;;;
BCE-GC05;ALIMENTACION;3 DZ;2;N;380V - 3DZ - 2N;BCE-GC05;;;;;
BCH-GC07;ALIMENTACION;3 DZ;2;P;380V - 3DZ - 2P;BCH-GC07;;;;;
BCK-GC09;ALIMENTACION;3 DZ;2;Q;380V - 3DZ - 2Q;BCK-GC09;;;;;
BCL-GC11;ALIMENTACION;3 DZ;2;R;380V - 3DZ - 2R;BCL-GC11;;;;;
BD-GE;ALIMENTACION;3 DZ;2;S;380V - 3DZ - 2S;BD-GE;;;;;
BE1-GF;ALIMENTACION;3 DZ;2;T;380V -3DZ - 2T;BE1-GF;;;;;
CAJAALOX;ALIMENTACION DE PROTECCIONES ALOX;3 DZ;2;U;380V -3DZ - 2U;CAJAALOX;;;;;
JC01EHS;ALIMENTACION SIST EHS;3 DZ;2;X;380V -3DZ - 2X;JC01EHS;;;;;
BEZ-GF;ALIMENTACION;3 DZ;3;A;380V -3DZ- 3A;BEZ-GF;;;;;
BI;ALIMENTACION;3 DZ;3;B;380V -3DZ - 3B;BI;;;;;
OSC.GEN.;DETECTOR OSCILACIONES DEL GENERADOR;3 DZ;3;C;380V -3DZ- 3C;OSC.GEN.;;;;;
JC01;SISTEMA DE REGULACION DE TURBINA EHS;3 DZ;3;D;380V -3DZ- 3D;JC01;;;;;
3DG;ALIMENT.COMANDO DE BARRA 3DG (SIST.INCENDIO);3 DZ;3;E;380V -3DZ- 3E;3DG;;;;;
LS710;ANALIZADORES DE NOX;3 DZ;3;F;380V -3DZ- 3F;LS710;;;;;
PE151;ALIMENTACION;3 DZ;3;G;380V -3DZ- 3G;PE151;;;;;
RA05J001;BY-PASS DE ALTA PRESION (CONTRONIC);3 DZ;3;H;380V -3DZ- 3H;RA05J001;;;;;
BWAGJ603;ALIMENTACION GABINETE BWA (SIST. HIDROGENO);3 DZ;3;J;380V -3DZ- 3J;BWAGJ603;;;;;
HD06;ALIMENTACION GABINETE HD-06 MODIN;3 DZ;3;M;380V -3DZ- 3M;HD06;;;;;
HA11-13;ALIMENTACION GABINETE HA11/12/13 ;3 DZ;3;N;380V -3DZ- 3N;HA11-13;;;;;
HA14-16;ALIMENTACION GABINETE HA14/15/16 ;3 DZ;3;P;380V -3DZ- 3P;HA14-16;;;;;
HA17-19;ALIMENTACION GABINETE HA17/18/19 ;3 DZ;3;Q;380V -3DZ- 3Q;HA17-19;;;;;
HA20-22;ALIMENTACION GABINETE HA20/21/22 ;3 DZ;3;R;380V -3DZ- 3R;HA20-22;;;;;
HA23-25;ALIMENTACION GABINETE HA23/24/25 ;3 DZ;3;S;380V -3DZ- 3S;HA23-25;;;;;
BL36-JR36;ALIMENTACION;3 DZ;3;T;380V -3DZ- 3T;BL36-JR36;;;;;
BT1-HJ01;ALIMENTACION;3 DZ;3;U;380V -3DZ - 3U;BT1-HJ01;;;;;
SIRENATG;ALIMENTACION SIRENA DE EMERGENCIA TG01;3 DZ;3;W;380V -3DZ - 3W;SIRENATG;;;;;
BL15-JR;ALIMENTACION;3 DZ;3;X;380V -3DZ - 3X;BL15-JR;;;;;
UPSEATON;ALIMENTACION UPS EATON DE GUE 13;3 DZ;3;Z;380V -3DZ - 3Z;UPSEATON;;;;;
BNA-BNB;ALIMENTACION;3 DZ;4;C;380V -3DZ - 4C;BNA-BNB;;;;;
HB31-33;ALIMENTACION GABINETES HB 31/32/33;3 DZ;4;D;380V -3DZ - 4D;HB31-33;;;;;
HB34-36;ALIMENTACION GABINETES HB 34/35/36;3 DZ;4;E;380V -3DZ - 4E;HB34-36;;;;;
HB40-42;ALIMENTACION GABINETES HB 40/41/42;3 DZ;4;F;380V -3DZ - 4F;HB40-42;;;;;
HB43-46;ALIMENTACION GABINETES HB 43/44/45/46;3 DZ;4;G;380V -3DZ - 4G;HB43-46;;;;;
BG;ALIMENTACION;3 DZ;4;H;380V -3DZ - 4H;BG;;;;;
BQ1,2,3;ALIMENTACION GABINETES BQ 1/2/3;3 DZ;4;J;380V -3DZ - 4J;BQ1,2,3;;;;;
HF51-53;ALIMENTACION GABINTES HF 51/52/53;3 DZ;4;K;380V -3DZ - 4K;HF51-53;;;;;
BRA-BRC;ALIMENTACION BR A/B/C;3 DZ;4;N;380V -3DZ - 4N;BRA-BRC;;;;;
BRD-BRF;ALIMENTACION BR D/E/F;3 DZ;4;P;380V -3DZ - 4P;BRD-BRF;;;;;
JC10;JV01 REGITROS PHILIPS;3 DZ;4;S;380V -3DZ - 4S;JC10;;;;;
HB61;ALIMENTACION GABINETE HB 61;3 DZ;4;T;380V -3DZ - 4T;HB61;;;;;
BU1-HS01;ALIMENTACION;3 DZ;4;U;380V -3DZ - 4U;BU1-HS01;;;;;
UPSTG01;ALIMENTACION A UPS DE TG01;3 DZ;5;;380V -3DZ - 5;UPSTG01;;;;;
UPS;ALIMENTACION GRAL DESDE UPS DE GUE 13;3 DZ;5;A;220V -3DZ - 5A;UPS;;;;;
BB1;ALIMENTACION;3 DZ;5;B;220V -3DZ - 5B;BB1;;;;;
TOMAS;ALIMENTACION TOMAS DASOR-PC-PERISCOPIO;3 DZ;5;C;220V -3DZ - 5C;TOMAS;;;;;
ADT;ALIMENTACION ;3 DZ;5;D;220V -3DZ - 5D;ADT;;;;;
BL15U-PONDY;ALIMENTACION;3 DZ;5;E;380V -3DZ - 5E;BL15U-PONDY;;;;;
DZM180;ALIMENTACION TABLERO BAJO DASOR;3 DZ;5;F;220V -3DZ - 5F;DZM180;;;;;
QUEMADORES;ALIMENTACION DURAG Q 1/2/3;3 DZ;5;G;220V -3DZ - 5G;QUEMADORES;;;;;
QUEMADORES;ALIMENTACION DURAG Q 4/5/6;3 DZ;5;H;220V -3DZ - 5H;QUEMADORES;;;;;
QUEMADORES;ALIMENTACION DURAG Q 7/8/9;3 DZ;5;J;220V -3DZ - 5J;QUEMADORES;;;;;
BCB;INDICADORES DE LLAMA DE QUEMADORES;3 DZ;5;Q;380V -3DZ - 5Q;BCB;;;;;
BL36;ALIMENTACION ;3 DZ;5;R;220V -3DZ - 5R;BL36;;;;;
CRONOLOGICO;ALIMENTACION AL CRONOLOGICO DE EVENTOS;3 DZ;5;T;220V -3DZ - 5T;CRONOLOGICO;;;;;
S.O.T.R;ALIMENTACION AL S.O.T.R;3 DZ;5;T1;220V -3DZ - 5 T1;S.O.T.R;;;;;
RESERVA;TERMICA DE RESERVA;3 DZ;5;T2;220V -3DZ - 5 T2;RESERVA;;;;;
CRONOLOGICO;ALIMENTACION AL CRONOLOGICO 62A-62B;3 DZ;5;T3;220V -3DZ - 5 T3;CRONOLOGICO;;;;;
D.A.G;ALIMENTACION PANEL DE LLAVES DEL D.A.G;3 DZ;5;T4;220V -3DZ - 5 T4;D.A.G;;;;;
YARWAY;SIST.YARWAY (NIVEL DE DOMO);3 DZ;5;T5;220V -3DZ - 5 T5;YARWAY;;;;;
CALD.AUX;ALIMENTACION A PANEL CALDERA AUXILIAR;3 DZ;5;T6;220V -3DZ - 5 T6;CALD.AUX;;;;;
PHILIPS;ALIMENTACION DE REGISTROS PHILIPS;3 DZ;5;T7;220V -3DZ - 5 T7;PHILIPS;;;;;
SMEC;ALIMENTACION A SIST. SMEC DE TG01;3 DZ;5;T8;220V -3DZ - 5 T8;SMEC;;;;;
RL50S101;CICLO- DESCARGA PPAL DE BOMBA RL 21;3 OCA;1;B;380V -3OCA-1B;RL50S101;HA15;;;;
RL50S102;CICLO- BY-PASS DESC DE BOMBA RL 21;3 OCA;1;C;380V -3OCA-1C;RL50S102;HA15;;;;
RL51S101;CICLO-RECIRCULACION DE BOMBA RL 21;3 OCA;1;D;380V -3OCA-1D;RL51S101;HA15;;;;
RL52S101;CICLO-AGUA PARA ATEMPERACION RECALENTADO;3 OCA;1;E;380V -3OCA-1E;RL52S101;HA15;;;;
RL21W001;CICLO- CALENTAMIENTO MOTOR RL 21;3 OCA;1;G;380V -3OCA-1G;RL21W001;HA15;;;;
RL21W002;CICLO- CALENTAMIENTO MOTOR RL 21;3 OCA;1;H;380V -3OCA-1H;RL21W002;;;;;
VG65S101;CICLO- AGUA REFRIGERACION MOTOR DE RL 21;3 OCA;1;J;380V -3OCA-1J;VG65S101;HA15;;;;
VG60S101;CICLO- AGUA REFRIGERACION COJ RL 21;3 OCA;1;K;380V -3OCA-1K;VG60S101;HA15;;;;
RV13S101;CICLO- AGUA DE SELLO DE RL 21;3 OCA;1;L;380V -3OCA-1L;RV13S101;HA15;;;;
UH11M101;PLANTA PULIDO- BOMBA DE DOSIFICACION;3 OCA;2;A;380V -3OCA -2A;UH11M101;;;;;
UH10M102;PLANTA PULIDO- BOMBA DE DOSIFICACION;3 OCA;2;B;380V -3OCA -2B;UH10M102;;;;;
UH21M101;PLANTA PULIDO- BOMBA DE DOSIFICACION;3 OCA;2;C;380V -3OCA -2C;UH21M101;;;;;
UH20M102;PLANTA PULIDO- BOMBA DE DOSIFICACION;3 OCA;2;D;380V -3OCA -2D;UH20M102;;;;;
UH31M101;PLANTA PULIDO- BOMBA DE DOSIFICACION;3 OCA;2;E;380V -3OCA -2E;UH31M101;;;;;
UH30M102;PLANTA PULIDO- BOMBA DE DOSIFICACION;3 OCA;2;G;380V -3OCA -2G;UH30M102;;;;;
UH10J001;;3 OCA;2;M;380V -3OCA -2M;UH10J001;;;;;
UH90M101;;3 OCA;3;A;380V -3OCA -3A;UH90M101;;;;;
UH93M101;;3 OCA;3;B;380V -3OCA -3B;UH93M101;;;;;
UH96M101;;3 OCA;3;C;380V -3OCA -3C;UH96M101;;;;;
UH90M102;;3 OCA;3;D;380V -3OCA -3D;UH90M102;;;;;
UH93M102;;3 OCA;3;E;380V -3OCA -3E;UH93M102;;;;;
UH96M102;;3 OCA;3;G;380V -3OCA -3G;UH96M102;;;;;
UH90J001;;3 OCA;3;L;380V -3OCA -3L;UH90J001;;;;;
SC92J001;;3 OCA;4;A;380V -3OCA -4A;SC92J001;;;;;
VC60J001;;3 OCA;4;B;380V -3OCA -4B;VC60J001;;;;;
VC60J002;;3 OCA;4;C;380V -3OCA -4C;VC60J002;;;;;
JE01;ASCAÑAS DE ESTACIONES REDUC VAPOR;3 OCA;4;F;380V -3OCA -4F;JE01;;;;;
JE02;ASCAÑAS DE ESTACIONES REDUC VAPOR;3 OCA;4;G;380V -3OCA -4G;JE02;;;;;
JE03;ASCAÑAS DE ESTACIONES REDUC VAPOR;3 OCA;4;H;380V -3OCA -4H;JE03;;;;;
JE04;ASCAÑAS DE ESTACIONES REDUC VAPOR;3 OCA;4;J;380V -3OCA -4J;JE04;;;;;
JE21;ASCAÑAS DE ESTACIONES REDUC VAPOR;3 OCA;4;K;380V -3OCA -4K;JE21;;;;;
3DE;;3 OCA;4;W;380V -3OCA -4W;3DE;;;;;
JO04;SOLENOIDES ;3 OCA;5;A;380V -3OCA -5A;JO04;;;;;
JO23/24/26;SOLENOIDES ;3 OCA;5;B;380V -3OCA -5B;JO23/24/26;;;;;
JO25/27/28/38;SOLENOIDES ;3 OCA;5;C;380V -3OCA -5C;JO25/27/28/38;;;;;
JO29/33;SOLENOIDES ;3 OCA;5;D;380V -3OCA -5D;JO29/33;;;;;
JO34/35/37/73;SOLENOIDES ;3 OCA;5;E;380V -3OCA -5E;JO34/35/37/73;;;;;
JO72/71/39/36/74;SOLENOIDES ;3 OCA;5;F;380V -3OCA -5F;JO72/71/39/36/74;;;;;
JO77/76/75;SOLENOIDES ;3 OCA;5;G;380V -3OCA -5G;JO77/76/75;;;;;
JO30;SOLENOIDES ;3 OCA;5;H;380V -3OCA -5H;JO30;;;;;
VG81S101;CALDERA-REFRIGERACION COMPRESOR DE AIRE;3 OCA;7;C;380V -3OCA -7C;VG81S101;HA23;;;;
VG83S101;CALDERA-REFRIGERACION COMPRESOR DE AIRE;3 OCA;7;D;380V -3OCA -7D;VG83S101;HA23;;;;
CECCATOD;ALIMENTACION COMPRESOR CECCATO D;3 OCA;8;A;380V -3OCA -8A;CECCATOD;;;;;
VG82S101;CALDERA-REFRIGERACION COMPRESOR DE AIRE;3 OCA;8;C;380V -3OCA -8C;VG82S101;HA23;;;;
VG84S101;CALDERA-REFRIGERACION COMPRESOR DE AIRE;3 OCA;8;D;380V -3OCA -8D;VG84S101;HA23;;;;
VL59S101;;3 OCA;8;E;380V -3OCA -8E;VL59S101;HA23;;;;
JO21;SOLENOIDES ;3 OCA;9;A;380V -3OCA -9A;JO21;;;;;
JO22;SOLENOIDES ;3 OCA;9;B;380V -3OCA -9B;JO22;;;;;
JO23;SOLENOIDES ;3 OCA;9;C;380V -3OCA -9C;JO23;;;;;
AGUA/TG01;BOMBA DE AGUA DESMI. TG 01;3 OCA;13;A;380V -3OCA -13A;AGUA/TG01;;;;;
NV05M101;CALDERA- SOPLADORES DE CALDERA;3 OCA;13;B;380V -3OCA -13B;NV05M101;;;;;
NV01W001;CALDERA- SOPLADORES DE CALDERA;3 OCA;13;C;380V -3OCA -13C;NV01W001;;;;;
RQ80S101;CALDERA- VAPOR P/SOPLADORES DE CALDERA;3 OCA;13;D;380V -3OCA -13D;RQ80S101;;;;;
3EN20;ELECTRICO-ALIM.CARGADOR BATERIA 220V C.C;3 OCA;14;A;380V -3OCA -14A;3EN20;;;;;
3EP40;ELECTRICO- ALIM. RECTIFICADOR 24V C.C;3 OCA;14;B;380V -3OCA -14B;3EP40;;;;;
3EP50;ELECTRICO- ALIM. RECTIFICADOR 24V C.C;3 OCA;14;C;380V -3OCA -14C;3EP50;;;;;
3EP60;ELECTRICO- ALIM. RECTIFICADOR 24V C.C;3 OCA;14;D;380V -3OCA -14D;3EP60;;;;;
3DZ;ELECTRICO- ALIMENTACION A BARRA 3DZ;3 OCA;14;F;380V -3OCA -14F;3DZ;;;;;
3EN02;ELECTRICO-ALIM.CARGADOR BATERIA 220V C.C;3 OCA;14;G;380V -3OCA -14G;3EN02;;;;;
UQ48M101;;3 OCA;15;A;380V -3OCA -15A;UQ48M101;;;;;
UQ50M101;;3 OCA;15;B;380V -3OCA -15B;UQ50M101;;;;;
ASCENSOR;CALDERA-MONTACARGA UQ60 U001;3 OCA;15;C;380V -3OCA -15C;ASCENSOR;;;;;
3-ODA;ELECTRICO- ALIMENTACION;3 OCA;15;E;380V -3OCA -15E;3-ODA;;;;;
3-ODB;ELECTRICO- ALIMENTACION;3 OCA;15;F;380V -3OCA -15F;3-ODB;;;;;
3-ODC;ELECTRICO- ALIMENTACION;3 OCA;15;G;380V -3OCA -15G;3-ODC;;;;;
JO41/2/3/4/5;SOLENOIDES  - Toma Corriente Caldera;3 OCA;17;A;380V -3OCA -17A;JO41/2/3/4/5;;;;;
JO46/7/8/9/50;SOLENOIDES ;3 OCA;17;B;380V -3OCA -17B;JO46/7/8/9/50;;;;;
JO51/2/3/4/5;SOLENOIDES ;3 OCA;17;C;380V -3OCA -17C;JO51/2/3/4/5;;;;;
JO01;;3 OCA;17;D;380V -3OCA -17D;JO01;;;;;
JO02;;3 OCA;17;E;380V -3OCA -17E;JO02;;;;;
TG01;ALIMENTACION AUXILIAR BARRA 380V TG01;3 OCA;18;B;380V -3OCA -18B;TG01;;;;;
A.A.EXCIT.;ALIMENTACION AIRE ACOND. SALA EXCITACIÓN;3 OCA;18;G;380V -3OCA -18G;A.A.EXCIT.;;;;;
3OAT02U901;ALIMENTACION;3 OCA;19;C;380V -3OCA -19C;3OAT02U901;;;;;
JE17;ALIMENTACION ASCAÑA;3 OCA;19;D;380V -3OCA -19D;JE17;;;;;
A.A.BAT;ALIMENTACION AIRE ACOND. SALA DE BATERIAS 2;3 OCA;19;;380V -3OCA ;A.A.BAT;;;;;
RL68S101;CICLO TERMICO- DESPREZURACION BY--PASS C.A.P;3 OCA;25;A;380V -3CA -25A;RL68S101;;;;;
3FA1;ELECTRICO- ALIMENTACION A 3FA1;3 OCN;2;;380V - 3 OCN - 02;3FA1;;;;;
3FA;ELECTRICO- ALIMENTACION A 3FA;3 OCN;2;;380V - 3 OCN - 02;3FA;;;;;
3FB;ELECTRICO- ALIMENTACION A 3FA;3 OCN;2;;380V - 3 OCN - 02;3FB;;;;;
SC24M101;ELECTRICO- ALIMEN. AUXILIAR PARA 3CC-03;3 OCN;3;;VINCULACION CON 3CC 03;SC24M101;HA18;;;;
SU20M101;ELECTRICO- ALIMEN. AUXILIAR PARA 3CC-01;3 OCN;3;;VINCULACION CON 3CC 01;SU20M101;;;;;
A.A.BAT;ALIMENTACION AIRE ACOND. SALA BATERIA 1 (220v);3 OCP;2;;380V -3 OCP - 02;A.A.BAT;;;;;
A.A.BAT;ALIMENTACION AIRE ACOND. SALA BATERIA 2 (24-48v);3 OCP;2;;380V -3 OCP - 02;A.A.BAT;;;;;
3FA;ELECTRICO- ALIMENTACION A 3FA;3 OCP;3;;380V - 3 OCP - 03;3FA;;;;;
3FC;ELECTRICO- ALIMENTACION A 3FC;3 OCP;3;;380V - 3 OCP - 03;3FC;;;;;
3FA02;ELECTRICO- ALIMENTACION A 3FA 02;3 OCP;3;;380V - 3 OCP - 03;3FA02;;;;;
